{
  "__type__": "dragonBones.DragonBonesAsset",
  "_name": "monsters_s_snails_ske",
  "_dragonBonesJson": "{\"frameRate\":24,\"version\":\"4.5\",\"isGlobal\":0,\"name\":\"monsters_s_snails\",\"armature\":[{\"frameRate\":24,\"slot\":[{\"color\":{},\"name\":\"snbody\",\"parent\":\"root\"},{\"z\":1,\"displayIndex\":-1,\"color\":{},\"name\":\"eye_left\",\"parent\":\"snbody2\"},{\"z\":2,\"displayIndex\":-1,\"color\":{},\"name\":\"eye_right\",\"parent\":\"snbody3\"}],\"name\":\"monsters_s_snails\",\"skin\":[{\"name\":\"\",\"slot\":[{\"display\":[{\"type\":\"image\",\"transform\":{\"y\":-0.5572,\"skX\":109.2826,\"skY\":109.2826,\"x\":20.10545},\"name\":\"eye_left\",\"path\":\"eye_left\"}],\"name\":\"eye_left\"},{\"display\":[{\"triangles\":[34,35,13,13,35,12,35,36,12,36,11,12,23,18,21,18,19,20,21,18,20,23,24,25,23,25,18,35,10,36,22,23,21,26,17,18,25,26,18,27,7,16,27,16,17,26,27,17,34,10,35,7,15,16,4,7,27,29,3,28,8,14,15,7,8,15,3,4,28,14,9,34,28,4,27,32,1,31,31,1,30,1,29,30,9,10,34,8,9,14,33,0,32,0,1,32,2,3,29,1,2,29,4,5,7,5,6,7,14,34,13],\"edges\":[0,1,1,2,2,3,3,4,4,5,5,6,6,7,7,8,8,9,9,10,11,12,12,13,13,14,14,15,15,16,16,17,17,18,18,19,19,20,20,21,21,22,22,23,23,24,24,25,25,26,26,27,27,28,28,29,29,30,30,31,31,32,32,33,33,0,10,36,36,11],\"type\":\"mesh\",\"width\":52,\"path\":\"snbody\",\"weights\":[1,5,1,1,5,1,1,5,1,1,5,1,4,5,0.7717023509975038,3,0.13550728483256771,4,0.08597533566896198,1,0.006815028500966512,4,5,0.41547549272564926,3,0.28314523089576116,4,0.21109918083386026,1,0.09028009554472936,4,3,0.32519217386929355,5,0.3089622794608744,4,0.1984164898448037,1,0.16742905682502834,4,3,0.9220092240638021,5,0.033884578401918115,4,0.025989601835796114,1,0.018116595698483628,4,3,0.9194031434732586,1,0.06124986622316455,5,0.010327735550462944,4,0.009019254753113886,4,2,0.0727821817452448,1,0.4743581572246364,3,0.4310278102532163,5,0.02183185077690261,4,2,0.20530019819829134,1,0.6605931413656209,3,0.11116067449840902,5,0.022945985937678704,4,2,0.5024619607139081,1,0.2423937172582781,3,0.16135795589334567,4,0.09378636613446811,4,2,0.7300178000297812,3,0.09583233452904737,4,0.09112262753421696,1,0.08302723790695428,4,2,0.3055102171404233,3,0.28842894515238016,4,0.24035794119234963,5,0.16570289651484704,4,2,0.057998257685695616,3,0.4774746470785277,1,0.45268673240569396,5,0.011840362830082694,4,2,0.07569021776934623,3,0.6743905918734284,1,0.20532773590775816,4,0.044591454449467174,4,3,0.6400214738613634,4,0.16631133767451634,5,0.12921153820360548,1,0.06445565026051485,4,4,0.6622104768828783,3,0.20625557622879753,5,0.12136863015260828,1,0.010165316735715989,1,4,1,1,4,1,1,4,1,1,4,1,1,4,1,1,4,1,1,4,1,1,4,1,4,4,0.7094680889806625,5,0.16957969083517194,3,0.11800800453186498,1,0.0029442156523006497,4,4,0.4160750459048536,5,0.3869037521279945,3,0.1935558629380843,1,0.0034653390290676025,4,5,0.6562040418664912,4,0.2089275490571479,3,0.1313654918779666,1,0.0035029171983942116,1,5,1,1,5,1,1,5,1,1,5,1,1,5,1,4,2,0.3714562592914955,1,0.5614321656998711,3,0.06172017036407446,4,0.005391404644558823,4,2,0.5767206554135432,1,0.3393641247938518,3,0.06799819224978927,4,0.015917027542815737,4,2,0.5065442680191117,1,0.33343536923302824,3,0.1200805220307306,4,0.039939840717129436],\"height\":71,\"bonePose\":[2,0.8133216254580871,-0.5818143463014771,0.5818143463014771,0.8133216254580871,-3.9250000000000007,-5.4,1,-0.17177786521378596,-0.9851357089368928,0.9851357089368928,-0.17177786521378596,-8.95,-2.325,3,0.23801655362385438,-0.9712610978521805,0.9712610978521805,0.23801655362385438,-11.024999999999999,-14.225000000000001,4,0.3561137942707139,-0.9344425961663541,0.9344425961663541,0.3561137942707139,-4.425000000000001,-35.04999999999999,5,-0.33022784293593316,-0.9439012510585421,0.9439012510585421,-0.33022784293593316,-8.1,-35.15],\"slotPose\":[0.9999999999999996,0,0,0.9999999999999996,-2.0481029961621005,-31.851044312124472],\"transform\":{\"y\":-31.85105,\"x\":-2.0481},\"userEdges\":[14,34,34,35,35,36,4,7],\"uvs\":[0.05529,0.09613,0.01587,0.22218,0.0726,0.3257,0.29375,0.35141,0.33798,0.44472,0.17837,0.46021,0.13365,0.52394,0.35048,0.57746,0.32452,0.66197,0.23221,0.78451,0.2774,0.99331,0.8774,0.97958,0.89471,0.69155,0.61346,0.59648,0.39279,0.74683,0.43173,0.67817,0.47356,0.57923,0.50865,0.46092,0.55913,0.32254,0.77596,0.30141,0.8274,0.14718,0.68269,0.02993,0.42644,0.06972,0.41154,0.16021,0.41779,0.22852,0.49087,0.30035,0.43558,0.43169,0.42019,0.43908,0.40625,0.42887,0.35865,0.3088,0.40913,0.24155,0.39904,0.13908,0.29663,0.06408,0.13558,0.05317,0.40573,0.85072,0.50669,0.94861,0.60504,0.98581],\"vertices\":[-23.125,-28.675,-25.175,-19.725,-22.225,-12.375,-10.725,-10.55,-8.425,-3.925,-16.725,-2.825,-19.05,1.7,-7.775,5.5,-9.125,11.5,-13.925,20.2,-11.575,35.025,19.625,34.05,20.525,13.6,5.9,6.85,-5.575,17.525,-3.55,12.65,-1.375,5.625,0.45,-2.775,3.075,-12.6,14.35,-14.1,17.125,-25.05,9.5,-33.375,-3.825,-30.55,-4.6,-24.125,-4.275,-19.275,-0.475,-14.175,-3.35,-4.85,-4.15,-4.325,-4.875,-5.05,-7.35,-13.575,-4.725,-18.35,-5.25,-25.625,-10.575,-30.95,-18.95,-31.725,-4.9,24.9,0.35,31.85,5.46,34.495],\"name\":\"snbody\"}],\"name\":\"snbody\"},{\"display\":[{\"type\":\"image\",\"transform\":{\"y\":-0.05065,\"skX\":69.1383,\"skY\":69.1383,\"x\":21.73395},\"name\":\"eye_right\",\"path\":\"eye_right\"}],\"name\":\"eye_right\"}]}],\"bone\":[{\"transform\":{},\"name\":\"root\"},{\"length\":12,\"parent\":\"root\",\"transform\":{\"y\":-2.325,\"skX\":-99.8912,\"skY\":-99.8912,\"x\":-8.95},\"name\":\"snbody\"},{\"length\":16,\"parent\":\"snbody\",\"transform\":{\"y\":5.4785,\"skX\":64.3129,\"skY\":64.3129,\"x\":2.1661},\"name\":\"snbody4\"},{\"length\":19.5,\"parent\":\"snbody\",\"transform\":{\"skX\":23.6607,\"skY\":23.6607,\"x\":12.07955},\"name\":\"snbody1\"},{\"length\":17.5,\"parent\":\"snbody1\",\"transform\":{\"y\":1.45365,\"skX\":7.0922,\"skY\":7.0922,\"x\":21.7974},\"name\":\"snbody3\"},{\"length\":18,\"parent\":\"snbody1\",\"transform\":{\"y\":-2.13955,\"skX\":-33.0521,\"skY\":-33.0521,\"x\":21.01985},\"name\":\"snbody2\"}],\"ik\":[],\"type\":\"Armature\",\"animation\":[{\"bone\":[{\"frame\":[{\"transform\":{},\"duration\":60}],\"name\":\"root\"},{\"frame\":[{\"tweenEasing\":0,\"transform\":{},\"duration\":15},{\"tweenEasing\":0,\"transform\":{},\"duration\":15},{\"tweenEasing\":0,\"transform\":{},\"duration\":15},{\"tweenEasing\":0,\"transform\":{},\"duration\":15},{\"transform\":{},\"duration\":0}],\"name\":\"snbody\"},{\"frame\":[{\"transform\":{},\"duration\":60}],\"name\":\"snbody4\"},{\"frame\":[{\"tweenEasing\":0,\"transform\":{},\"duration\":15},{\"tweenEasing\":0,\"transform\":{\"skX\":3.5643,\"skY\":3.5643},\"duration\":15},{\"tweenEasing\":0,\"transform\":{},\"duration\":15},{\"tweenEasing\":0,\"transform\":{\"skX\":3.5643,\"skY\":3.5643},\"duration\":15},{\"transform\":{},\"duration\":0}],\"name\":\"snbody1\"},{\"frame\":[{\"tweenEasing\":0,\"transform\":{},\"duration\":15},{\"tweenEasing\":0,\"transform\":{\"skX\":8.0177,\"skY\":8.0177},\"duration\":15},{\"tweenEasing\":0,\"transform\":{},\"duration\":15},{\"tweenEasing\":0,\"transform\":{\"skX\":8.0177,\"skY\":8.0177},\"duration\":15},{\"transform\":{},\"duration\":0}],\"name\":\"snbody3\"},{\"frame\":[{\"tweenEasing\":0,\"transform\":{},\"duration\":15},{\"tweenEasing\":0,\"transform\":{\"skX\":8.0177,\"skY\":8.0177},\"duration\":15},{\"tweenEasing\":0,\"transform\":{},\"duration\":15},{\"tweenEasing\":0,\"transform\":{\"skX\":8.0177,\"skY\":8.0177},\"duration\":15},{\"transform\":{},\"duration\":0}],\"name\":\"snbody2\"}],\"playTimes\":0,\"frame\":[],\"ffd\":[],\"slot\":[{\"name\":\"eye_left\",\"frame\":[{\"displayIndex\":-1,\"tweenEasing\":null,\"duration\":34},{\"tweenEasing\":null,\"duration\":2},{\"displayIndex\":-1,\"tweenEasing\":null,\"duration\":24}]},{\"name\":\"eye_right\",\"frame\":[{\"displayIndex\":-1,\"tweenEasing\":null,\"duration\":34},{\"tweenEasing\":null,\"duration\":2},{\"displayIndex\":-1,\"tweenEasing\":null,\"duration\":24}]}],\"name\":\"idle\",\"ik\":[],\"duration\":60}],